device_id,destination,prefix_length,next_hop,interface,metric,route_type,vrf,distance,source_file
nrr_cor_c_sw002,10.0.0.0,32,Null0,,,,,,configs\NRR-COR-C-SW002.alrajhi.bank-10.99.18.254-2025-05-15_11-06-05.log
nrr_cor_c_sw002,10.17.0.35,32,name,,,,,,configs\NRR-COR-C-SW002.alrajhi.bank-10.99.18.254-2025-05-15_11-06-05.log
nrr_cor_c_sw002,10.17.0.93,32,name,,,,,,configs\NRR-COR-C-SW002.alrajhi.bank-10.99.18.254-2025-05-15_11-06-05.log
nrr_cor_c_sw002,10.18.0.14,32,name,,,,,,configs\NRR-COR-C-SW002.alrajhi.bank-10.99.18.254-2025-05-15_11-06-05.log
nrr_cor_c_sw002,10.27.11.0,32,name,,,,,,configs\NRR-COR-C-SW002.alrajhi.bank-10.99.18.254-2025-05-15_11-06-05.log
nrr_cor_c_sw002,10.99.3.180,32,name,,,,,,configs\NRR-COR-C-SW002.alrajhi.bank-10.99.18.254-2025-05-15_11-06-05.log
nrr_cor_c_sw002,10.99.3.184,32,name,,,,,,configs\NRR-COR-C-SW002.alrajhi.bank-10.99.18.254-2025-05-15_11-06-05.log
nrr_cor_c_sw002,10.99.251.0,32,Ethernet2/6,,,,,,configs\NRR-COR-C-SW002.alrajhi.bank-10.99.18.254-2025-05-15_11-06-05.log
nrr_cor_c_sw002,10.199.248.160,32,name,,,,,,configs\NRR-COR-C-SW002.alrajhi.bank-10.99.18.254-2025-05-15_11-06-05.log
nrr_cor_c_sw002,129.0.0.0,32,Null0,,,,,,configs\NRR-COR-C-SW002.alrajhi.bank-10.99.18.254-2025-05-15_11-06-05.log
nrr_cor_c_sw002,129.35.224.0,32,name,,,,,,configs\NRR-COR-C-SW002.alrajhi.bank-10.99.18.254-2025-05-15_11-06-05.log
nrr_cor_c_sw002,185.250.80.93,32,name,,,,,,configs\NRR-COR-C-SW002.alrajhi.bank-10.99.18.254-2025-05-15_11-06-05.log
nrr_cor_c_sw002,0.0.0.0,32,name,,,,,,configs\NRR-COR-C-SW002.alrajhi.bank-10.99.18.254-2025-05-15_11-06-05.log
NRR-EXT-EXTBR-R002_d41d8cd9,10.177.0.0,24,,Tunnelnnel34,,static,NeoLeap,,configs\NRR-EXT-EXTBR-R002.alrajhi.bank-10.99.18.32-2025-05-15_11-06-44.log
NRR-EXT-EXTBR-R002_d41d8cd9,10.177.2.0,24,,Tunnelnnel34,,static,NeoLeap,,configs\NRR-EXT-EXTBR-R002.alrajhi.bank-10.99.18.32-2025-05-15_11-06-44.log
NRR-EXT-EXTBR-R002_d41d8cd9,10.10.165.11,32,,Tunnelnnel34,,static,NeoLeap,,configs\NRR-EXT-EXTBR-R002.alrajhi.bank-10.99.18.32-2025-05-15_11-06-44.log
NRR-EXT-EXTBR-R002_d41d8cd9,10.10.162.21,32,,Tunnelnnel34,,static,NeoLeap,,configs\NRR-EXT-EXTBR-R002.alrajhi.bank-10.99.18.32-2025-05-15_11-06-44.log
NRR-EXT-EXTBR-R002_d41d8cd9,10.10.52.1,32,,Tunnelnnel34,,static,NeoLeap,,configs\NRR-EXT-EXTBR-R002.alrajhi.bank-10.99.18.32-2025-05-15_11-06-44.log
NRR-EXT-EXTBR-R002_d41d8cd9,172.16.149.30,32,,Tunnelnnel34,,static,NeoLeap,,configs\NRR-EXT-EXTBR-R002.alrajhi.bank-10.99.18.32-2025-05-15_11-06-44.log
NRR-EXT-EXTBR-R002_d41d8cd9,10.10.164.15,32,,Tunnelnnel34,,static,NeoLeap,,configs\NRR-EXT-EXTBR-R002.alrajhi.bank-10.99.18.32-2025-05-15_11-06-44.log
NRR-EXT-EXTBR-R002_d41d8cd9,10.177.102.0,24,,Tunnelnnel35,,static,NeoLeap,,configs\NRR-EXT-EXTBR-R002.alrajhi.bank-10.99.18.32-2025-05-15_11-06-44.log
NRR-EXT-EXTBR-R002_d41d8cd9,0.0.0.0,,,GigabitEthernetgabitEthernet0,,static,Mgmt-intf,10,configs\NRR-EXT-EXTBR-R002.alrajhi.bank-10.99.18.32-2025-05-15_11-06-44.log
NRR-EXT-EXTBR-R002_d41d8cd9,0.0.0.0,,10.99.4.68,,,static,ARBMALAYSIA,,configs\NRR-EXT-EXTBR-R002.alrajhi.bank-10.99.18.32-2025-05-15_11-06-44.log
NRR-EXT-EXTBR-R002_d41d8cd9,172.21.179.0,24,,Port-channelrt-channel53.3358,,static,ARBMALAYSIA,10,configs\NRR-EXT-EXTBR-R002.alrajhi.bank-10.99.18.32-2025-05-15_11-06-44.log
NRR-EXT-EXTBR-R002_d41d8cd9,0.0.0.0,,10.99.4.4,,,static,ARI-TAK,,configs\NRR-EXT-EXTBR-R002.alrajhi.bank-10.99.18.32-2025-05-15_11-06-44.log
NRR-EXT-EXTBR-R002_d41d8cd9,172.21.181.0,24,,Port-channelrt-channel53.3350,,static,ARI-TAK,10,configs\NRR-EXT-EXTBR-R002.alrajhi.bank-10.99.18.32-2025-05-15_11-06-44.log
NRR-EXT-EXTBR-R002_d41d8cd9,172.28.4.0,24,,Port-channelrt-channel53.3350,,static,ARI-TAK,10,configs\NRR-EXT-EXTBR-R002.alrajhi.bank-10.99.18.32-2025-05-15_11-06-44.log
NRR-EXT-EXTBR-R002_d41d8cd9,0.0.0.0,,,Port-channelrt-channel53.3355,,static,ELM,10,configs\NRR-EXT-EXTBR-R002.alrajhi.bank-10.99.18.32-2025-05-15_11-06-44.log
NRR-EXT-EXTBR-R002_d41d8cd9,10.210.19.128,28,,Port-channelrt-channel53.3355,,static,ELM,10,configs\NRR-EXT-EXTBR-R002.alrajhi.bank-10.99.18.32-2025-05-15_11-06-44.log
NRR-EXT-EXTBR-R002_d41d8cd9,0.0.0.0,,10.99.4.118,,,static,EMKAN,,configs\NRR-EXT-EXTBR-R002.alrajhi.bank-10.99.18.32-2025-05-15_11-06-44.log
NRR-EXT-EXTBR-R002_d41d8cd9,172.21.159.0,24,,Tunnelnnel37,,static,EMKAN,,configs\NRR-EXT-EXTBR-R002.alrajhi.bank-10.99.18.32-2025-05-15_11-06-44.log
NRR-EXT-EXTBR-R002_d41d8cd9,172.21.195.0,24,10.99.4.118,,,static,EMKAN,,configs\NRR-EXT-EXTBR-R002.alrajhi.bank-10.99.18.32-2025-05-15_11-06-44.log
NRR-EXT-EXTBR-R002_d41d8cd9,0.0.0.0,,,Port-channelrt-channel53.3545,,static,MOF,10,configs\NRR-EXT-EXTBR-R002.alrajhi.bank-10.99.18.32-2025-05-15_11-06-44.log
NRR-EXT-EXTBR-R002_d41d8cd9,172.21.193.0,24,10.99.4.92,,,static,MOF,,configs\NRR-EXT-EXTBR-R002.alrajhi.bank-10.99.18.32-2025-05-15_11-06-44.log
NRR-EXT-EXTBR-R002_d41d8cd9,172.21.193.0,25,10.99.4.92,,,static,MOF,,configs\NRR-EXT-EXTBR-R002.alrajhi.bank-10.99.18.32-2025-05-15_11-06-44.log
NRR-EXT-EXTBR-R002_d41d8cd9,172.21.193.128,25,10.99.4.140,,,static,MOF,,configs\NRR-EXT-EXTBR-R002.alrajhi.bank-10.99.18.32-2025-05-15_11-06-44.log
NRR-EXT-EXTBR-R002_d41d8cd9,172.21.196.0,25,10.99.4.92,,,static,MOF,,configs\NRR-EXT-EXTBR-R002.alrajhi.bank-10.99.18.32-2025-05-15_11-06-44.log
NRR-EXT-EXTBR-R002_d41d8cd9,172.21.196.128,25,10.99.4.140,,,static,MOF,,configs\NRR-EXT-EXTBR-R002.alrajhi.bank-10.99.18.32-2025-05-15_11-06-44.log
NRR-EXT-EXTBR-R002_d41d8cd9,192.168.20.70,32,,Tunnelnnel42,,static,MOF,,configs\NRR-EXT-EXTBR-R002.alrajhi.bank-10.99.18.32-2025-05-15_11-06-44.log
NRR-EXT-EXTBR-R002_d41d8cd9,192.168.20.70,32,,Tunnelnnel43,,static,MOF,2,configs\NRR-EXT-EXTBR-R002.alrajhi.bank-10.99.18.32-2025-05-15_11-06-44.log
NRR-EXT-EXTBR-R002_d41d8cd9,192.168.20.140,32,,Tunnelnnel42,,static,MOF,,configs\NRR-EXT-EXTBR-R002.alrajhi.bank-10.99.18.32-2025-05-15_11-06-44.log
NRR-EXT-EXTBR-R002_d41d8cd9,192.168.20.140,32,,Tunnelnnel43,,static,MOF,2,configs\NRR-EXT-EXTBR-R002.alrajhi.bank-10.99.18.32-2025-05-15_11-06-44.log
NRR-EXT-EXTBR-R002_d41d8cd9,192.168.20.141,32,,Tunnelnnel42,,static,MOF,,configs\NRR-EXT-EXTBR-R002.alrajhi.bank-10.99.18.32-2025-05-15_11-06-44.log
NRR-EXT-EXTBR-R002_d41d8cd9,192.168.20.141,32,,Tunnelnnel43,,static,MOF,2,configs\NRR-EXT-EXTBR-R002.alrajhi.bank-10.99.18.32-2025-05-15_11-06-44.log
NRR-EXT-EXTBR-R002_d41d8cd9,192.168.30.140,32,,Tunnelnnel43,,static,MOF,,configs\NRR-EXT-EXTBR-R002.alrajhi.bank-10.99.18.32-2025-05-15_11-06-44.log
NRR-EXT-EXTBR-R002_d41d8cd9,192.168.30.141,32,,Tunnelnnel43,,static,MOF,,configs\NRR-EXT-EXTBR-R002.alrajhi.bank-10.99.18.32-2025-05-15_11-06-44.log
NRR-EXT-EXTBR-R002_d41d8cd9,172.21.185.0,24,,Port-channelrt-channel53.3364,,static,MOI,10,configs\NRR-EXT-EXTBR-R002.alrajhi.bank-10.99.18.32-2025-05-15_11-06-44.log
NRR-EXT-EXTBR-R002_d41d8cd9,10.4.122.55,32,,Port-channelrt-channel53.3363,,static,NeoLeap,10,configs\NRR-EXT-EXTBR-R002.alrajhi.bank-10.99.18.32-2025-05-15_11-06-44.log
NRR-EXT-EXTBR-R002_d41d8cd9,10.177.100.0,24,,Tunnelnnel35,,static,NeoLeap,,configs\NRR-EXT-EXTBR-R002.alrajhi.bank-10.99.18.32-2025-05-15_11-06-44.log
NRR-EXT-EXTBR-R002_d41d8cd9,172.21.191.248,32,,Port-channelrt-channel53.3363,,static,NeoLeap,10,configs\NRR-EXT-EXTBR-R002.alrajhi.bank-10.99.18.32-2025-05-15_11-06-44.log
NRR-EXT-EXTBR-R002_d41d8cd9,172.21.194.0,24,,Port-channelrt-channel53.3363,,static,NeoLeap,10,configs\NRR-EXT-EXTBR-R002.alrajhi.bank-10.99.18.32-2025-05-15_11-06-44.log
NRR-EXT-EXTBR-R002_d41d8cd9,172.21.198.0,24,,Port-channelrt-channel53.3370,,static,NeoLeap,10,configs\NRR-EXT-EXTBR-R002.alrajhi.bank-10.99.18.32-2025-05-15_11-06-44.log
NRR-EXT-EXTBR-R002_d41d8cd9,0.0.0.0,,,Port-channelrt-channel53.3546,,static,OCI,172,configs\NRR-EXT-EXTBR-R002.alrajhi.bank-10.99.18.32-2025-05-15_11-06-44.log
NRR-EXT-EXTBR-R002_d41d8cd9,10.40.208.0,20,,Tunnelnnel55,,static,OCI,10,configs\NRR-EXT-EXTBR-R002.alrajhi.bank-10.99.18.32-2025-05-15_11-06-44.log
NRR-EXT-EXTBR-R002_d41d8cd9,10.40.210.0,23,,Tunnelnnel55,,static,OCI,10,configs\NRR-EXT-EXTBR-R002.alrajhi.bank-10.99.18.32-2025-05-15_11-06-44.log
NRR-EXT-EXTBR-R002_d41d8cd9,10.228.0.0,16,,Tunnelnnel66,,static,OCI,10,configs\NRR-EXT-EXTBR-R002.alrajhi.bank-10.99.18.32-2025-05-15_11-06-44.log
NRR-EXT-EXTBR-R002_d41d8cd9,10.228.0.0,20,,Tunnelnnel66,,static,OCI,10,configs\NRR-EXT-EXTBR-R002.alrajhi.bank-10.99.18.32-2025-05-15_11-06-44.log
NRR-EXT-EXTBR-R002_d41d8cd9,10.228.49.0,24,,Tunnelnnel66,,static,OCI,10,configs\NRR-EXT-EXTBR-R002.alrajhi.bank-10.99.18.32-2025-05-15_11-06-44.log
NRR-EXT-EXTBR-R002_d41d8cd9,10.228.50.0,24,,Tunnelnnel66,,static,OCI,10,configs\NRR-EXT-EXTBR-R002.alrajhi.bank-10.99.18.32-2025-05-15_11-06-44.log
NRR-EXT-EXTBR-R002_d41d8cd9,10.228.51.0,24,,Tunnelnnel66,,static,OCI,10,configs\NRR-EXT-EXTBR-R002.alrajhi.bank-10.99.18.32-2025-05-15_11-06-44.log
NRR-EXT-EXTBR-R002_d41d8cd9,10.228.53.0,24,,Tunnelnnel66,,static,OCI,10,configs\NRR-EXT-EXTBR-R002.alrajhi.bank-10.99.18.32-2025-05-15_11-06-44.log
NRR-EXT-EXTBR-R002_d41d8cd9,10.228.54.0,24,,Tunnelnnel66,,static,OCI,10,configs\NRR-EXT-EXTBR-R002.alrajhi.bank-10.99.18.32-2025-05-15_11-06-44.log
NRR-EXT-EXTBR-R002_d41d8cd9,10.228.55.64,26,,Tunnelnnel66,,static,OCI,10,configs\NRR-EXT-EXTBR-R002.alrajhi.bank-10.99.18.32-2025-05-15_11-06-44.log
NRR-EXT-EXTBR-R002_d41d8cd9,10.228.57.0,24,,Tunnelnnel66,,static,OCI,10,configs\NRR-EXT-EXTBR-R002.alrajhi.bank-10.99.18.32-2025-05-15_11-06-44.log
NRR-EXT-EXTBR-R002_d41d8cd9,10.228.73.0,24,,Tunnelnnel66,,static,OCI,10,configs\NRR-EXT-EXTBR-R002.alrajhi.bank-10.99.18.32-2025-05-15_11-06-44.log
NRR-EXT-EXTBR-R002_d41d8cd9,10.228.88.0,24,,Tunnelnnel66,,static,OCI,10,configs\NRR-EXT-EXTBR-R002.alrajhi.bank-10.99.18.32-2025-05-15_11-06-44.log
NRR-EXT-EXTBR-R002_d41d8cd9,10.228.109.0,24,,Tunnelnnel66,,static,OCI,10,configs\NRR-EXT-EXTBR-R002.alrajhi.bank-10.99.18.32-2025-05-15_11-06-44.log
NRR-EXT-EXTBR-R002_d41d8cd9,10.228.132.0,24,,Tunnelnnel66,,static,OCI,10,configs\NRR-EXT-EXTBR-R002.alrajhi.bank-10.99.18.32-2025-05-15_11-06-44.log
NRR-EXT-EXTBR-R002_d41d8cd9,10.228.152.0,24,,Tunnelnnel66,,static,OCI,10,configs\NRR-EXT-EXTBR-R002.alrajhi.bank-10.99.18.32-2025-05-15_11-06-44.log
NRR-EXT-EXTBR-R002_d41d8cd9,10.228.162.0,24,,Tunnelnnel66,,static,OCI,10,configs\NRR-EXT-EXTBR-R002.alrajhi.bank-10.99.18.32-2025-05-15_11-06-44.log
NRR-EXT-EXTBR-R002_d41d8cd9,10.228.196.0,24,,Tunnelnnel66,,static,OCI,10,configs\NRR-EXT-EXTBR-R002.alrajhi.bank-10.99.18.32-2025-05-15_11-06-44.log
NRR-EXT-EXTBR-R002_d41d8cd9,10.228.233.0,24,,Tunnelnnel66,,static,OCI,10,configs\NRR-EXT-EXTBR-R002.alrajhi.bank-10.99.18.32-2025-05-15_11-06-44.log
NRR-EXT-EXTBR-R002_d41d8cd9,10.229.0.0,16,,Tunnelnnel55,,static,OCI,10,configs\NRR-EXT-EXTBR-R002.alrajhi.bank-10.99.18.32-2025-05-15_11-06-44.log
NRR-EXT-EXTBR-R002_d41d8cd9,169.254.238.49,32,192.100.11.189,,,static,OCI,,configs\NRR-EXT-EXTBR-R002.alrajhi.bank-10.99.18.32-2025-05-15_11-06-44.log
NRR-EXT-EXTBR-R002_d41d8cd9,169.254.238.50,32,192.100.11.189,,,static,OCI,,configs\NRR-EXT-EXTBR-R002.alrajhi.bank-10.99.18.32-2025-05-15_11-06-44.log
NRR-EXT-EXTBR-R002_d41d8cd9,172.23.16.0,20,,Tunnelnnel66,,static,OCI,10,configs\NRR-EXT-EXTBR-R002.alrajhi.bank-10.99.18.32-2025-05-15_11-06-44.log
NRR-EXT-EXTBR-R002_d41d8cd9,172.23.32.0,19,,Tunnelnnel66,,static,OCI,10,configs\NRR-EXT-EXTBR-R002.alrajhi.bank-10.99.18.32-2025-05-15_11-06-44.log
NRR-EXT-EXTBR-R002_d41d8cd9,172.23.64.0,18,,Tunnelnnel55,,static,OCI,10,configs\NRR-EXT-EXTBR-R002.alrajhi.bank-10.99.18.32-2025-05-15_11-06-44.log
NRR-EXT-EXTBR-R002_d41d8cd9,0.0.0.0,,,Port-channelrt-channel53.3548,,static,OCI_C,10,configs\NRR-EXT-EXTBR-R002.alrajhi.bank-10.99.18.32-2025-05-15_11-06-44.log
NRR-EXT-EXTBR-R002_d41d8cd9,10.40.210.0,23,,Tunnelnnel56,,static,OCI_C,10,configs\NRR-EXT-EXTBR-R002.alrajhi.bank-10.99.18.32-2025-05-15_11-06-44.log
NRR-EXT-EXTBR-R002_d41d8cd9,10.109.0.0,18,,Tunnelnnel56,,static,OCI_C,10,configs\NRR-EXT-EXTBR-R002.alrajhi.bank-10.99.18.32-2025-05-15_11-06-44.log
NRR-EXT-EXTBR-R002_d41d8cd9,10.109.192.0,18,,Tunnelnnel56,,static,OCI_C,10,configs\NRR-EXT-EXTBR-R002.alrajhi.bank-10.99.18.32-2025-05-15_11-06-44.log
NRR-EXT-EXTBR-R002_d41d8cd9,0.0.0.0,,,Port-channelrt-channel53.3354,,static,SAWA,10,configs\NRR-EXT-EXTBR-R002.alrajhi.bank-10.99.18.32-2025-05-15_11-06-44.log
NRR-EXT-EXTBR-R002_d41d8cd9,172.21.180.0,24,,Port-channelrt-channel53.3354,,static,SAWA,10,configs\NRR-EXT-EXTBR-R002.alrajhi.bank-10.99.18.32-2025-05-15_11-06-44.log
NRR-EXT-EXTBR-R002_d41d8cd9,0.0.0.0,,,Port-channelrt-channel53.3356,,static,SIMAH,10,configs\NRR-EXT-EXTBR-R002.alrajhi.bank-10.99.18.32-2025-05-15_11-06-44.log
NRR-EXT-EXTBR-R002_d41d8cd9,172.31.1.0,24,,Port-channelrt-channel53.3356,,static,SIMAH,10,configs\NRR-EXT-EXTBR-R002.alrajhi.bank-10.99.18.32-2025-05-15_11-06-44.log
NRR-EXT-EXTBR-R002_d41d8cd9,0.0.0.0,,,Port-channelrt-channel53.3357,,static,SINNAD,10,configs\NRR-EXT-EXTBR-R002.alrajhi.bank-10.99.18.32-2025-05-15_11-06-44.log
NRR-EXT-EXTBR-R002_d41d8cd9,10.66.102.50,32,,Tunnelnnel33,,static,SINNAD,,configs\NRR-EXT-EXTBR-R002.alrajhi.bank-10.99.18.32-2025-05-15_11-06-44.log
NRR-EXT-EXTBR-R002_d41d8cd9,10.66.102.52,32,,Tunnelnnel33,,static,SINNAD,,configs\NRR-EXT-EXTBR-R002.alrajhi.bank-10.99.18.32-2025-05-15_11-06-44.log
NRR-EXT-EXTBR-R002_d41d8cd9,10.67.1.5,32,,Tunnelnnel33,,static,SINNAD,,configs\NRR-EXT-EXTBR-R002.alrajhi.bank-10.99.18.32-2025-05-15_11-06-44.log
NRR-EXT-EXTBR-R002_d41d8cd9,10.67.1.30,32,,Tunnelnnel33,,static,SINNAD,,configs\NRR-EXT-EXTBR-R002.alrajhi.bank-10.99.18.32-2025-05-15_11-06-44.log
NRR-EXT-EXTBR-R002_d41d8cd9,10.102.7.205,32,,Tunnelnnel36,,static,SINNAD,,configs\NRR-EXT-EXTBR-R002.alrajhi.bank-10.99.18.32-2025-05-15_11-06-44.log
NRR-EXT-EXTBR-R002_d41d8cd9,10.102.7.205,32,,Tunnelnnel32,,static,SINNAD,2,configs\NRR-EXT-EXTBR-R002.alrajhi.bank-10.99.18.32-2025-05-15_11-06-44.log
NRR-EXT-EXTBR-R002_d41d8cd9,10.102.102.10,32,,Tunnelnnel36,,static,SINNAD,,configs\NRR-EXT-EXTBR-R002.alrajhi.bank-10.99.18.32-2025-05-15_11-06-44.log
NRR-EXT-EXTBR-R002_d41d8cd9,10.102.102.10,32,,Tunnelnnel32,,static,SINNAD,2,configs\NRR-EXT-EXTBR-R002.alrajhi.bank-10.99.18.32-2025-05-15_11-06-44.log
NRR-EXT-EXTBR-R002_d41d8cd9,10.102.102.11,32,,Tunnelnnel36,,static,SINNAD,,configs\NRR-EXT-EXTBR-R002.alrajhi.bank-10.99.18.32-2025-05-15_11-06-44.log
NRR-EXT-EXTBR-R002_d41d8cd9,10.102.102.11,32,,Tunnelnnel32,,static,SINNAD,2,configs\NRR-EXT-EXTBR-R002.alrajhi.bank-10.99.18.32-2025-05-15_11-06-44.log
NRR-EXT-EXTBR-R002_d41d8cd9,10.102.102.20,32,,Tunnelnnel36,,static,SINNAD,,configs\NRR-EXT-EXTBR-R002.alrajhi.bank-10.99.18.32-2025-05-15_11-06-44.log
NRR-EXT-EXTBR-R002_d41d8cd9,10.102.102.20,32,,Tunnelnnel32,,static,SINNAD,2,configs\NRR-EXT-EXTBR-R002.alrajhi.bank-10.99.18.32-2025-05-15_11-06-44.log
NRR-EXT-EXTBR-R002_d41d8cd9,10.102.102.200,32,,Tunnelnnel36,,static,SINNAD,,configs\NRR-EXT-EXTBR-R002.alrajhi.bank-10.99.18.32-2025-05-15_11-06-44.log
NRR-EXT-EXTBR-R002_d41d8cd9,10.102.102.200,32,,Tunnelnnel32,,static,SINNAD,2,configs\NRR-EXT-EXTBR-R002.alrajhi.bank-10.99.18.32-2025-05-15_11-06-44.log
NRR-EXT-EXTBR-R002_d41d8cd9,10.114.114.100,32,,Tunnelnnel36,,static,SINNAD,,configs\NRR-EXT-EXTBR-R002.alrajhi.bank-10.99.18.32-2025-05-15_11-06-44.log
NRR-EXT-EXTBR-R002_d41d8cd9,10.114.114.100,32,,Tunnelnnel32,,static,SINNAD,2,configs\NRR-EXT-EXTBR-R002.alrajhi.bank-10.99.18.32-2025-05-15_11-06-44.log
NRR-EXT-EXTBR-R002_d41d8cd9,10.173.173.17,32,,Tunnelnnel36,,static,SINNAD,,configs\NRR-EXT-EXTBR-R002.alrajhi.bank-10.99.18.32-2025-05-15_11-06-44.log
NRR-EXT-EXTBR-R002_d41d8cd9,10.173.173.17,32,,Tunnelnnel32,,static,SINNAD,2,configs\NRR-EXT-EXTBR-R002.alrajhi.bank-10.99.18.32-2025-05-15_11-06-44.log
NRR-EXT-EXTBR-R002_d41d8cd9,10.174.174.16,32,,Tunnelnnel36,,static,SINNAD,,configs\NRR-EXT-EXTBR-R002.alrajhi.bank-10.99.18.32-2025-05-15_11-06-44.log
NRR-EXT-EXTBR-R002_d41d8cd9,10.174.174.16,32,,Tunnelnnel32,,static,SINNAD,2,configs\NRR-EXT-EXTBR-R002.alrajhi.bank-10.99.18.32-2025-05-15_11-06-44.log
NRR-EXT-EXTBR-R002_d41d8cd9,10.199.18.1,32,,Tunnelnnel36,,static,SINNAD,,configs\NRR-EXT-EXTBR-R002.alrajhi.bank-10.99.18.32-2025-05-15_11-06-44.log
NRR-EXT-EXTBR-R002_d41d8cd9,10.199.18.1,32,,Tunnelnnel32,,static,SINNAD,2,configs\NRR-EXT-EXTBR-R002.alrajhi.bank-10.99.18.32-2025-05-15_11-06-44.log
NRR-EXT-EXTBR-R002_d41d8cd9,10.199.182.1,32,,Tunnelnnel36,,static,SINNAD,,configs\NRR-EXT-EXTBR-R002.alrajhi.bank-10.99.18.32-2025-05-15_11-06-44.log
NRR-EXT-EXTBR-R002_d41d8cd9,10.199.182.1,32,,Tunnelnnel32,,static,SINNAD,2,configs\NRR-EXT-EXTBR-R002.alrajhi.bank-10.99.18.32-2025-05-15_11-06-44.log
NRR-EXT-EXTBR-R002_d41d8cd9,10.199.204.10,32,,Tunnelnnel36,,static,SINNAD,,configs\NRR-EXT-EXTBR-R002.alrajhi.bank-10.99.18.32-2025-05-15_11-06-44.log
NRR-EXT-EXTBR-R002_d41d8cd9,10.199.204.10,32,,Tunnelnnel32,,static,SINNAD,2,configs\NRR-EXT-EXTBR-R002.alrajhi.bank-10.99.18.32-2025-05-15_11-06-44.log
NRR-EXT-EXTBR-R002_d41d8cd9,10.199.204.11,32,,Tunnelnnel36,,static,SINNAD,,configs\NRR-EXT-EXTBR-R002.alrajhi.bank-10.99.18.32-2025-05-15_11-06-44.log
NRR-EXT-EXTBR-R002_d41d8cd9,10.199.204.11,32,,Tunnelnnel32,,static,SINNAD,2,configs\NRR-EXT-EXTBR-R002.alrajhi.bank-10.99.18.32-2025-05-15_11-06-44.log
NRR-EXT-EXTBR-R002_d41d8cd9,10.199.204.14,32,,Tunnelnnel36,,static,SINNAD,,configs\NRR-EXT-EXTBR-R002.alrajhi.bank-10.99.18.32-2025-05-15_11-06-44.log
NRR-EXT-EXTBR-R002_d41d8cd9,10.199.204.14,32,,Tunnelnnel32,,static,SINNAD,2,configs\NRR-EXT-EXTBR-R002.alrajhi.bank-10.99.18.32-2025-05-15_11-06-44.log
NRR-EXT-EXTBR-R002_d41d8cd9,10.202.12.4,32,,Tunnelnnel32,,static,SINNAD,2,configs\NRR-EXT-EXTBR-R002.alrajhi.bank-10.99.18.32-2025-05-15_11-06-44.log
NRR-EXT-EXTBR-R002_d41d8cd9,192.168.108.75,32,,Tunnelnnel33,,static,SINNAD,,configs\NRR-EXT-EXTBR-R002.alrajhi.bank-10.99.18.32-2025-05-15_11-06-44.log
NRR-EXT-EXTBR-R002_d41d8cd9,192.168.108.115,32,,Tunnelnnel33,,static,SINNAD,,configs\NRR-EXT-EXTBR-R002.alrajhi.bank-10.99.18.32-2025-05-15_11-06-44.log
NRR-EXT-EXTBR-R002_d41d8cd9,192.168.124.19,32,,Tunnelnnel33,,static,SINNAD,,configs\NRR-EXT-EXTBR-R002.alrajhi.bank-10.99.18.32-2025-05-15_11-06-44.log
NRR-EXT-EXTBR-R002_d41d8cd9,192.168.124.110,32,,Tunnelnnel33,,static,SINNAD,,configs\NRR-EXT-EXTBR-R002.alrajhi.bank-10.99.18.32-2025-05-15_11-06-44.log
NRR-EXT-EXTBR-R002_d41d8cd9,192.168.124.112,32,,Tunnelnnel33,,static,SINNAD,,configs\NRR-EXT-EXTBR-R002.alrajhi.bank-10.99.18.32-2025-05-15_11-06-44.log
NRR-EXT-EXTBR-R002_d41d8cd9,192.168.124.114,32,,Tunnelnnel33,,static,SINNAD,,configs\NRR-EXT-EXTBR-R002.alrajhi.bank-10.99.18.32-2025-05-15_11-06-44.log
NRR-EXT-EXTBR-R002_d41d8cd9,192.168.124.122,32,,Tunnelnnel33,,static,SINNAD,,configs\NRR-EXT-EXTBR-R002.alrajhi.bank-10.99.18.32-2025-05-15_11-06-44.log
NRR-EXT-EXTBR-R002_d41d8cd9,192.168.124.173,32,,Tunnelnnel33,,static,SINNAD,,configs\NRR-EXT-EXTBR-R002.alrajhi.bank-10.99.18.32-2025-05-15_11-06-44.log
NRR-EXT-EXTBR-R002_d41d8cd9,192.168.124.180,32,,Tunnelnnel33,,static,SINNAD,,configs\NRR-EXT-EXTBR-R002.alrajhi.bank-10.99.18.32-2025-05-15_11-06-44.log
NRR-EXT-EXTBR-R002_d41d8cd9,192.168.124.182,32,,Tunnelnnel33,,static,SINNAD,,configs\NRR-EXT-EXTBR-R002.alrajhi.bank-10.99.18.32-2025-05-15_11-06-44.log
NRR-EXT-EXTBR-R002_d41d8cd9,192.168.124.193,32,,Tunnelnnel33,,static,SINNAD,,configs\NRR-EXT-EXTBR-R002.alrajhi.bank-10.99.18.32-2025-05-15_11-06-44.log
NRR-EXT-EXTBR-R002_d41d8cd9,192.168.124.194,32,,Tunnelnnel33,,static,SINNAD,,configs\NRR-EXT-EXTBR-R002.alrajhi.bank-10.99.18.32-2025-05-15_11-06-44.log
NRR-EXT-EXTBR-R002_d41d8cd9,192.168.124.232,32,,Tunnelnnel33,,static,SINNAD,,configs\NRR-EXT-EXTBR-R002.alrajhi.bank-10.99.18.32-2025-05-15_11-06-44.log
NRR-EXT-EXTBR-R002_d41d8cd9,0.0.0.0,,,Port-channelrt-channel53.3353,,static,STC-SMS,10,configs\NRR-EXT-EXTBR-R002.alrajhi.bank-10.99.18.32-2025-05-15_11-06-44.log
NRR-EXT-EXTBR-R002_d41d8cd9,0.0.0.0,,,Port-channelrt-channel53.3351,,static,TCC,10,configs\NRR-EXT-EXTBR-R002.alrajhi.bank-10.99.18.32-2025-05-15_11-06-44.log
NRR-EXT-EXTBR-R002_d41d8cd9,192.168.31.53,32,,GigabitEthernetgabitEthernet0/2/7,,static,TCC,10,configs\NRR-EXT-EXTBR-R002.alrajhi.bank-10.99.18.32-2025-05-15_11-06-44.log
NRR-EXT-EXTBR-R002_d41d8cd9,0.0.0.0,,,Port-channelrt-channel53.3344,,static,T2,10,configs\NRR-EXT-EXTBR-R002.alrajhi.bank-10.99.18.32-2025-05-15_11-06-44.log
NRR-EXT-EXTBR-R002_d41d8cd9,212.116.199.36,32,10.123.11.1,,,static,T2,,configs\NRR-EXT-EXTBR-R002.alrajhi.bank-10.99.18.32-2025-05-15_11-06-44.log
NRR-INT-INTBR-R001_d41d8cd9,185.148.148.0,25,10.99.5.3,,,static,,,configs\NRR-INT-INTBR-R001.alrajhi.bank-10.99.18.44-2025-05-15_11-06-50.log
NRR-INT-INTBR-R001_d41d8cd9,185.148.148.128,25,10.99.5.3,,,static,,,configs\NRR-INT-INTBR-R001.alrajhi.bank-10.99.18.44-2025-05-15_11-06-50.log
NRR-INT-INTBR-R001_d41d8cd9,193.19.90.0,23,,Null0,,static,,,configs\NRR-INT-INTBR-R001.alrajhi.bank-10.99.18.44-2025-05-15_11-06-50.log
NRR-INT-INTBR-R001_d41d8cd9,193.19.90.0,25,10.99.5.3,,,static,,,configs\NRR-INT-INTBR-R001.alrajhi.bank-10.99.18.44-2025-05-15_11-06-50.log
NRR-INT-INTBR-R001_d41d8cd9,193.19.90.128,25,10.99.5.3,,,static,,,configs\NRR-INT-INTBR-R001.alrajhi.bank-10.99.18.44-2025-05-15_11-06-50.log
NRR-INT-INTBR-R001_d41d8cd9,193.19.91.0,25,10.99.5.3,,,static,,,configs\NRR-INT-INTBR-R001.alrajhi.bank-10.99.18.44-2025-05-15_11-06-50.log
NRR-INT-INTBR-R001_d41d8cd9,193.19.91.31,32,,TenGigabitEthernetnGigabitEthernet0/1/0.3362,,static,,193,configs\NRR-INT-INTBR-R001.alrajhi.bank-10.99.18.44-2025-05-15_11-06-50.log
NRR-INT-INTBR-R001_d41d8cd9,193.19.91.32,32,,TenGigabitEthernetnGigabitEthernet0/1/0.3362,,static,,193,configs\NRR-INT-INTBR-R001.alrajhi.bank-10.99.18.44-2025-05-15_11-06-50.log
NRR-INT-INTBR-R001_d41d8cd9,193.19.91.99,32,,TenGigabitEthernetnGigabitEthernet0/1/0.3362,,static,,193,configs\NRR-INT-INTBR-R001.alrajhi.bank-10.99.18.44-2025-05-15_11-06-50.log
NRR-INT-INTBR-R001_d41d8cd9,193.19.91.128,25,10.99.5.3,,,static,,,configs\NRR-INT-INTBR-R001.alrajhi.bank-10.99.18.44-2025-05-15_11-06-50.log
NRR-INT-INTBR-R001_d41d8cd9,0.0.0.0,,,GigabitEthernetgabitEthernet0,,static,Mgmt-intf,10,configs\NRR-INT-INTBR-R001.alrajhi.bank-10.99.18.44-2025-05-15_11-06-50.log
NRR-WAN-BR-R001_d41d8cd9,10.99.1.70,32,,GigabitEthernetgabitEthernet1/1/11,,static,,10,configs\NRR-WAN-BR-R001.alrajhibank.com.sa-10.99.18.9-2025-05-15_11-06-08.log
NRR-WAN-BR-R001_d41d8cd9,10.99.1.71,32,,GigabitEthernetgabitEthernet1/1/11,,static,,10,configs\NRR-WAN-BR-R001.alrajhibank.com.sa-10.99.18.9-2025-05-15_11-06-08.log
NRR-WAN-BR-R001_d41d8cd9,10.99.1.72,32,,GigabitEthernetgabitEthernet1/1/11,,static,,10,configs\NRR-WAN-BR-R001.alrajhibank.com.sa-10.99.18.9-2025-05-15_11-06-08.log
NRR-WAN-BR-R001_d41d8cd9,10.99.1.73,32,,GigabitEthernetgabitEthernet1/1/11,,static,,10,configs\NRR-WAN-BR-R001.alrajhibank.com.sa-10.99.18.9-2025-05-15_11-06-08.log
NRR-WAN-BR-R001_d41d8cd9,10.99.1.74,32,,GigabitEthernetgabitEthernet1/1/11,,static,,10,configs\NRR-WAN-BR-R001.alrajhibank.com.sa-10.99.18.9-2025-05-15_11-06-08.log
NRR-WAN-BR-R001_d41d8cd9,10.99.1.75,32,,GigabitEthernetgabitEthernet1/1/11,,static,,10,configs\NRR-WAN-BR-R001.alrajhibank.com.sa-10.99.18.9-2025-05-15_11-06-08.log
NRR-WAN-BR-R001_d41d8cd9,10.99.1.78,32,,GigabitEthernetgabitEthernet1/1/12,,static,,10,configs\NRR-WAN-BR-R001.alrajhibank.com.sa-10.99.18.9-2025-05-15_11-06-08.log
NRR-WAN-BR-R001_d41d8cd9,10.99.1.79,32,,GigabitEthernetgabitEthernet1/1/12,,static,,10,configs\NRR-WAN-BR-R001.alrajhibank.com.sa-10.99.18.9-2025-05-15_11-06-08.log
NRR-WAN-BR-R001_d41d8cd9,10.99.1.80,32,,GigabitEthernetgabitEthernet1/1/12,,static,,10,configs\NRR-WAN-BR-R001.alrajhibank.com.sa-10.99.18.9-2025-05-15_11-06-08.log
NRR-WAN-BR-R001_d41d8cd9,10.99.1.81,32,,GigabitEthernetgabitEthernet1/1/12,,static,,10,configs\NRR-WAN-BR-R001.alrajhibank.com.sa-10.99.18.9-2025-05-15_11-06-08.log
NRR-WAN-BR-R001_d41d8cd9,10.99.1.82,32,,GigabitEthernetgabitEthernet1/1/12,,static,,10,configs\NRR-WAN-BR-R001.alrajhibank.com.sa-10.99.18.9-2025-05-15_11-06-08.log
NRR-WAN-BR-R001_d41d8cd9,10.99.1.83,32,,GigabitEthernetgabitEthernet1/1/12,,static,,10,configs\NRR-WAN-BR-R001.alrajhibank.com.sa-10.99.18.9-2025-05-15_11-06-08.log
NRR-WAN-BR-R001_d41d8cd9,10.99.74.47,32,,GigabitEthernetgabitEthernet1/1/11,,static,,10,configs\NRR-WAN-BR-R001.alrajhibank.com.sa-10.99.18.9-2025-05-15_11-06-08.log
NRR-WAN-BR-R001_d41d8cd9,10.99.74.47,32,,GigabitEthernetgabitEthernet1/1/12,,static,,10,configs\NRR-WAN-BR-R001.alrajhibank.com.sa-10.99.18.9-2025-05-15_11-06-08.log
NRR-WAN-BR-R001_d41d8cd9,10.99.74.48,32,,GigabitEthernetgabitEthernet1/1/11,,static,,10,configs\NRR-WAN-BR-R001.alrajhibank.com.sa-10.99.18.9-2025-05-15_11-06-08.log
NRR-WAN-BR-R001_d41d8cd9,10.99.74.48,32,,GigabitEthernetgabitEthernet1/1/12,,static,,10,configs\NRR-WAN-BR-R001.alrajhibank.com.sa-10.99.18.9-2025-05-15_11-06-08.log
NRR-WAN-BR-R001_d41d8cd9,10.99.74.49,32,,GigabitEthernetgabitEthernet1/1/11,,static,,10,configs\NRR-WAN-BR-R001.alrajhibank.com.sa-10.99.18.9-2025-05-15_11-06-08.log
NRR-WAN-BR-R001_d41d8cd9,10.99.74.49,32,,GigabitEthernetgabitEthernet1/1/12,,static,,10,configs\NRR-WAN-BR-R001.alrajhibank.com.sa-10.99.18.9-2025-05-15_11-06-08.log
NRR-WAN-BR-R001_d41d8cd9,10.99.74.50,32,,GigabitEthernetgabitEthernet1/1/11,,static,,10,configs\NRR-WAN-BR-R001.alrajhibank.com.sa-10.99.18.9-2025-05-15_11-06-08.log
NRR-WAN-BR-R001_d41d8cd9,10.99.74.50,32,,GigabitEthernetgabitEthernet1/1/12,,static,,10,configs\NRR-WAN-BR-R001.alrajhibank.com.sa-10.99.18.9-2025-05-15_11-06-08.log
NRR-WAN-BR-R001_d41d8cd9,10.99.74.51,32,,GigabitEthernetgabitEthernet1/1/11,,static,,10,configs\NRR-WAN-BR-R001.alrajhibank.com.sa-10.99.18.9-2025-05-15_11-06-08.log
NRR-WAN-BR-R001_d41d8cd9,10.99.74.51,32,,GigabitEthernetgabitEthernet1/1/12,,static,,10,configs\NRR-WAN-BR-R001.alrajhibank.com.sa-10.99.18.9-2025-05-15_11-06-08.log
NRR-WAN-BR-R001_d41d8cd9,10.242.67.204,32,,GigabitEthernetgabitEthernet1/1/11,,static,,10,configs\NRR-WAN-BR-R001.alrajhibank.com.sa-10.99.18.9-2025-05-15_11-06-08.log
NRR-WAN-BR-R001_d41d8cd9,10.242.67.204,32,,GigabitEthernetgabitEthernet1/1/12,,static,,10,configs\NRR-WAN-BR-R001.alrajhibank.com.sa-10.99.18.9-2025-05-15_11-06-08.log
NRR-WAN-BR-R001_d41d8cd9,10.242.67.205,32,,GigabitEthernetgabitEthernet1/1/11,,static,,10,configs\NRR-WAN-BR-R001.alrajhibank.com.sa-10.99.18.9-2025-05-15_11-06-08.log
NRR-WAN-BR-R001_d41d8cd9,10.242.67.205,32,,GigabitEthernetgabitEthernet1/1/12,,static,,10,configs\NRR-WAN-BR-R001.alrajhibank.com.sa-10.99.18.9-2025-05-15_11-06-08.log
NRR-WAN-BR-R001_d41d8cd9,10.242.67.206,32,,GigabitEthernetgabitEthernet1/1/11,,static,,10,configs\NRR-WAN-BR-R001.alrajhibank.com.sa-10.99.18.9-2025-05-15_11-06-08.log
NRR-WAN-BR-R001_d41d8cd9,10.242.67.206,32,,GigabitEthernetgabitEthernet1/1/12,,static,,10,configs\NRR-WAN-BR-R001.alrajhibank.com.sa-10.99.18.9-2025-05-15_11-06-08.log
NRR-WAN-BR-R001_d41d8cd9,10.242.67.207,32,,GigabitEthernetgabitEthernet1/1/11,,static,,10,configs\NRR-WAN-BR-R001.alrajhibank.com.sa-10.99.18.9-2025-05-15_11-06-08.log
NRR-WAN-BR-R001_d41d8cd9,10.242.67.207,32,,GigabitEthernetgabitEthernet1/1/12,,static,,10,configs\NRR-WAN-BR-R001.alrajhibank.com.sa-10.99.18.9-2025-05-15_11-06-08.log
NRR-WAN-BR-R001_d41d8cd9,10.242.67.208,32,,GigabitEthernetgabitEthernet1/1/11,,static,,10,configs\NRR-WAN-BR-R001.alrajhibank.com.sa-10.99.18.9-2025-05-15_11-06-08.log
NRR-WAN-BR-R001_d41d8cd9,10.242.67.208,32,,GigabitEthernetgabitEthernet1/1/12,,static,,10,configs\NRR-WAN-BR-R001.alrajhibank.com.sa-10.99.18.9-2025-05-15_11-06-08.log
NRR-WAN-BR-R001_d41d8cd9,10.242.67.214,32,,GigabitEthernetgabitEthernet1/1/11,,static,,10,configs\NRR-WAN-BR-R001.alrajhibank.com.sa-10.99.18.9-2025-05-15_11-06-08.log
NRR-WAN-BR-R001_d41d8cd9,10.242.67.214,32,,GigabitEthernetgabitEthernet1/1/12,,static,,10,configs\NRR-WAN-BR-R001.alrajhibank.com.sa-10.99.18.9-2025-05-15_11-06-08.log
NRR-WAN-BR-R001_d41d8cd9,0.0.0.0,,,GigabitEthernetgabitEthernet0,,static,Mgmt-intf,10,configs\NRR-WAN-BR-R001.alrajhibank.com.sa-10.99.18.9-2025-05-15_11-06-08.log
NRR-WAN-BR-R002_d41d8cd9,10.99.1.70,32,,GigabitEthernetgabitEthernet1/1/11,,static,,10,configs\NRR-WAN-BR-R002.alrajhibank.com.sa-10.99.18.10-2025-05-15_11-06-16.log
NRR-WAN-BR-R002_d41d8cd9,10.99.1.71,32,,GigabitEthernetgabitEthernet1/1/11,,static,,10,configs\NRR-WAN-BR-R002.alrajhibank.com.sa-10.99.18.10-2025-05-15_11-06-16.log
NRR-WAN-BR-R002_d41d8cd9,10.99.1.72,32,,GigabitEthernetgabitEthernet1/1/11,,static,,10,configs\NRR-WAN-BR-R002.alrajhibank.com.sa-10.99.18.10-2025-05-15_11-06-16.log
NRR-WAN-BR-R002_d41d8cd9,10.99.1.73,32,,GigabitEthernetgabitEthernet1/1/11,,static,,10,configs\NRR-WAN-BR-R002.alrajhibank.com.sa-10.99.18.10-2025-05-15_11-06-16.log
NRR-WAN-BR-R002_d41d8cd9,10.99.1.74,32,,GigabitEthernetgabitEthernet1/1/11,,static,,10,configs\NRR-WAN-BR-R002.alrajhibank.com.sa-10.99.18.10-2025-05-15_11-06-16.log
NRR-WAN-BR-R002_d41d8cd9,10.99.1.75,32,,GigabitEthernetgabitEthernet1/1/11,,static,,10,configs\NRR-WAN-BR-R002.alrajhibank.com.sa-10.99.18.10-2025-05-15_11-06-16.log
NRR-WAN-BR-R002_d41d8cd9,10.99.1.78,32,,GigabitEthernetgabitEthernet1/1/12,,static,,10,configs\NRR-WAN-BR-R002.alrajhibank.com.sa-10.99.18.10-2025-05-15_11-06-16.log
NRR-WAN-BR-R002_d41d8cd9,10.99.1.79,32,,GigabitEthernetgabitEthernet1/1/12,,static,,10,configs\NRR-WAN-BR-R002.alrajhibank.com.sa-10.99.18.10-2025-05-15_11-06-16.log
NRR-WAN-BR-R002_d41d8cd9,10.99.1.80,32,,GigabitEthernetgabitEthernet1/1/12,,static,,10,configs\NRR-WAN-BR-R002.alrajhibank.com.sa-10.99.18.10-2025-05-15_11-06-16.log
NRR-WAN-BR-R002_d41d8cd9,10.99.1.81,32,,GigabitEthernetgabitEthernet1/1/12,,static,,10,configs\NRR-WAN-BR-R002.alrajhibank.com.sa-10.99.18.10-2025-05-15_11-06-16.log
NRR-WAN-BR-R002_d41d8cd9,10.99.1.82,32,,GigabitEthernetgabitEthernet1/1/12,,static,,10,configs\NRR-WAN-BR-R002.alrajhibank.com.sa-10.99.18.10-2025-05-15_11-06-16.log
NRR-WAN-BR-R002_d41d8cd9,10.99.1.83,32,,GigabitEthernetgabitEthernet1/1/12,,static,,10,configs\NRR-WAN-BR-R002.alrajhibank.com.sa-10.99.18.10-2025-05-15_11-06-16.log
NRR-WAN-BR-R002_d41d8cd9,10.99.74.47,32,,GigabitEthernetgabitEthernet1/1/11,,static,,10,configs\NRR-WAN-BR-R002.alrajhibank.com.sa-10.99.18.10-2025-05-15_11-06-16.log
NRR-WAN-BR-R002_d41d8cd9,10.99.74.47,32,,GigabitEthernetgabitEthernet1/1/12,,static,,10,configs\NRR-WAN-BR-R002.alrajhibank.com.sa-10.99.18.10-2025-05-15_11-06-16.log
NRR-WAN-BR-R002_d41d8cd9,10.99.74.48,32,,GigabitEthernetgabitEthernet1/1/11,,static,,10,configs\NRR-WAN-BR-R002.alrajhibank.com.sa-10.99.18.10-2025-05-15_11-06-16.log
NRR-WAN-BR-R002_d41d8cd9,10.99.74.48,32,,GigabitEthernetgabitEthernet1/1/12,,static,,10,configs\NRR-WAN-BR-R002.alrajhibank.com.sa-10.99.18.10-2025-05-15_11-06-16.log
NRR-WAN-BR-R002_d41d8cd9,10.99.74.49,32,,GigabitEthernetgabitEthernet1/1/11,,static,,10,configs\NRR-WAN-BR-R002.alrajhibank.com.sa-10.99.18.10-2025-05-15_11-06-16.log
NRR-WAN-BR-R002_d41d8cd9,10.99.74.49,32,,GigabitEthernetgabitEthernet1/1/12,,static,,10,configs\NRR-WAN-BR-R002.alrajhibank.com.sa-10.99.18.10-2025-05-15_11-06-16.log
NRR-WAN-BR-R002_d41d8cd9,10.99.74.50,32,,GigabitEthernetgabitEthernet1/1/11,,static,,10,configs\NRR-WAN-BR-R002.alrajhibank.com.sa-10.99.18.10-2025-05-15_11-06-16.log
NRR-WAN-BR-R002_d41d8cd9,10.99.74.50,32,,GigabitEthernetgabitEthernet1/1/12,,static,,10,configs\NRR-WAN-BR-R002.alrajhibank.com.sa-10.99.18.10-2025-05-15_11-06-16.log
NRR-WAN-BR-R002_d41d8cd9,10.99.74.51,32,,GigabitEthernetgabitEthernet1/1/11,,static,,10,configs\NRR-WAN-BR-R002.alrajhibank.com.sa-10.99.18.10-2025-05-15_11-06-16.log
NRR-WAN-BR-R002_d41d8cd9,10.99.74.51,32,,GigabitEthernetgabitEthernet1/1/12,,static,,10,configs\NRR-WAN-BR-R002.alrajhibank.com.sa-10.99.18.10-2025-05-15_11-06-16.log
NRR-WAN-BR-R002_d41d8cd9,10.242.67.204,32,,GigabitEthernetgabitEthernet1/1/11,,static,,10,configs\NRR-WAN-BR-R002.alrajhibank.com.sa-10.99.18.10-2025-05-15_11-06-16.log
NRR-WAN-BR-R002_d41d8cd9,10.242.67.204,32,,GigabitEthernetgabitEthernet1/1/12,,static,,10,configs\NRR-WAN-BR-R002.alrajhibank.com.sa-10.99.18.10-2025-05-15_11-06-16.log
NRR-WAN-BR-R002_d41d8cd9,10.242.67.205,32,,GigabitEthernetgabitEthernet1/1/11,,static,,10,configs\NRR-WAN-BR-R002.alrajhibank.com.sa-10.99.18.10-2025-05-15_11-06-16.log
NRR-WAN-BR-R002_d41d8cd9,10.242.67.205,32,,GigabitEthernetgabitEthernet1/1/12,,static,,10,configs\NRR-WAN-BR-R002.alrajhibank.com.sa-10.99.18.10-2025-05-15_11-06-16.log
NRR-WAN-BR-R002_d41d8cd9,10.242.67.206,32,,GigabitEthernetgabitEthernet1/1/11,,static,,10,configs\NRR-WAN-BR-R002.alrajhibank.com.sa-10.99.18.10-2025-05-15_11-06-16.log
NRR-WAN-BR-R002_d41d8cd9,10.242.67.206,32,,GigabitEthernetgabitEthernet1/1/12,,static,,10,configs\NRR-WAN-BR-R002.alrajhibank.com.sa-10.99.18.10-2025-05-15_11-06-16.log
NRR-WAN-BR-R002_d41d8cd9,10.242.67.207,32,,GigabitEthernetgabitEthernet1/1/11,,static,,10,configs\NRR-WAN-BR-R002.alrajhibank.com.sa-10.99.18.10-2025-05-15_11-06-16.log
NRR-WAN-BR-R002_d41d8cd9,10.242.67.207,32,,GigabitEthernetgabitEthernet1/1/12,,static,,10,configs\NRR-WAN-BR-R002.alrajhibank.com.sa-10.99.18.10-2025-05-15_11-06-16.log
NRR-WAN-BR-R002_d41d8cd9,10.242.67.208,32,,GigabitEthernetgabitEthernet1/1/11,,static,,10,configs\NRR-WAN-BR-R002.alrajhibank.com.sa-10.99.18.10-2025-05-15_11-06-16.log
NRR-WAN-BR-R002_d41d8cd9,10.242.67.208,32,,GigabitEthernetgabitEthernet1/1/12,,static,,10,configs\NRR-WAN-BR-R002.alrajhibank.com.sa-10.99.18.10-2025-05-15_11-06-16.log
NRR-WAN-BR-R002_d41d8cd9,10.242.67.214,32,,GigabitEthernetgabitEthernet1/1/11,,static,,10,configs\NRR-WAN-BR-R002.alrajhibank.com.sa-10.99.18.10-2025-05-15_11-06-16.log
NRR-WAN-BR-R002_d41d8cd9,10.242.67.214,32,,GigabitEthernetgabitEthernet1/1/12,,static,,10,configs\NRR-WAN-BR-R002.alrajhibank.com.sa-10.99.18.10-2025-05-15_11-06-16.log
NRR-WAN-BR-R002_d41d8cd9,0.0.0.0,,,GigabitEthernetgabitEthernet0,,static,Mgmt-intf,10,configs\NRR-WAN-BR-R002.alrajhibank.com.sa-10.99.18.10-2025-05-15_11-06-16.log
uat_ig_fw001,0.0.0.0,0,10.242.123.1,,,default,,,configs\UAT-PA-Internet-Backup
